Đây là phiên bản Final của BẢNG 2 – DATA MENU CHI TIẾT, bao gồm toàn bộ 4 danh mục. Bảng này được xây dựng dựa trên schema và bộ thuật ngữ đã được chuẩn hoá cuối cùng, đảm bảo tính nhất quán và sẵn sàng cho đội ngũ kỹ thuật triển khai mà không cần giải thích lại.																														
BẢNG 2 – DATA MENU CHI TIẾT (CHO DEV) - PHIÊN BẢN FINAL																														
code	name	group	category	strategic_role	short_description	key_selling_points	food_tags	taste_profile	aroma	texture	temperature	portion_size	post_meal_experience	suitable_for	spice_level	price	prep_time_min	prep_time_max	ingredients	allergen_profile	origin	supplier_details	preparation_process	health_benefits	options	nutrition_info	customer_moods_match	behavioral_style_match	appearance_style_match	communication_tone_match
DRK-CFS	Cà Phê Sữa Đá	Giải khát nhanh	Coffee	Sản phẩm Phổ thông (Mainstream/Volume Driver)	Cà phê Robusta pha phin, kết hợp sữa đặc có đường, phục vụ với đá viên.	- Tỉnh táo tức thì<br>- Vị đậm đà, quen thuộc	ca_phe_sua, ca_phe_viet_nam, nang_luong, tinh_tao, buoi_sang	Đắng đậm của cà phê, hòa quyện với vị ngọt béo của sữa đặc.	Thơm nồng cà phê Robusta rang.	Lỏng, sánh nhẹ	Lạnh	Vừa đủ	Tỉnh táo, sảng khoái, tăng cường sự tập trung.	Nhân viên văn phòng, người cần tỉnh táo, người thích vị ngọt	0	35000	10	15	Cà phê Robusta, sữa đặc, nước, đá	Sữa	Hạt cà phê Robusta từ Đắk Lắk, sữa đặc từ Vinamilk.	[{"ingredient": "Cà phê Robusta", "supplier_name": "Nông Sản Sạch Đắk Lắk", "type": "Thương hiệu địa phương", "verification_notes": "Cà phê Robusta nguyên chất từ Đắk Lắk, rang xay nguyên bản.", "reference_links": ["https://nongsansachdaklak.com/products/cafe-nguyen-chat-daklak", "https://www.facebook.com/share/1CJoMQZnFd/"]}]	Cà phê chiết xuất bằng phin, hòa tan với sữa đặc và thêm đá.	Hỗ trợ tăng cường sự tập trung	null	{"calories_kcal": "~100-150", "sugar_g": "~20-25"}	buon_ngu, met_moi, can_tap_trung	fast_decision ("Quyết định nhanh"), routine_oriented ("Thiên về thói quen")	office_formal ("Công sở, trang trọng"), simple ("Đơn giản"), sporty ("Thể thao, năng động")	short_direct ("Ngắn gọn, Trực tiếp"), energetic ("Năng lượng")
DRK-CFD	Cà Phê Đen Đá	Giải khát nhanh	Coffee	Sản phẩm Cốt lõi (Core)	Cà phê Robusta nguyên chất pha phin, không đường, phục vụ với đá viên.	- Vị cà phê nguyên bản<br>- Tỉnh táo cao độ	ca_phe_den, khong_duong, nang_luong_cao, tinh_tao, tap_trung	Đắng gắt, mạnh mẽ, hậu vị ngọt nhẹ tự nhiên.	Thơm nồng nàn, nguyên bản của hạt cà phê rang.	Lỏng	Lạnh	Vừa đủ	Tỉnh táo cao độ, tăng cường sự tập trung tối đa.	Người cần tập trung cao độ, người không hảo ngọt	0	35000	10	15	Cà phê Robusta, nước, đá	Không có	Hạt cà phê Robusta từ Đắk Lắk.	[{"ingredient": "Cà phê Robusta", "supplier_name": "Nông Sản Sạch Đắk Lắk", "type": "Thương hiệu địa phương", "verification_notes": "Cà phê Robusta nguyên chất từ Đắk Lắk, rang xay nguyên bản.", "reference_links": ["https://nongsansachdaklak.com/products/cafe-nguyen-chat-daklak", "https://www.facebook.com/share/1CJoMQZnFd/"]}]	Cà phê chiết xuất bằng phin, sau đó thêm đá.	Hỗ trợ tăng cường sự tập trung, không chứa đường	[{"group_name": "Mức đường", "type": "single", "choices": [{"name": "Thêm ít đường", "price_delta": 0}]}]	{"calories_kcal": "~5-10", "sugar_g": "~0"}	buon_ngu, can_tap_trung_cao_do	fast_decision ("Quyết định nhanh"), routine_oriented ("Thiên về thói quen")	office_formal ("Công sở, trang trọng"), simple ("Đơn giản")	short_direct ("Ngắn gọn, Trực tiếp")
DRK-TRL	Trà Lipton Chanh	Giải khát nhanh	Tea	Sản phẩm Dẫn dắt (Lead Magnet)	Trà Lipton túi lọc pha với nước nóng, thêm đường, chanh tươi và đá.	- Giải khát sảng khoái<br>- Vị chua ngọt cân bằng	giai_khat, giai_nhiet, tra_chanh, vitamin_c, sau_bua_an	Vị trà đen nhẹ, kết hợp vị chua thanh của chanh và ngọt dịu của đường.	Hương nhẹ của trà đen và mùi thanh mát của chanh tươi.	Lỏng	Lạnh	Vừa đủ	Sảng khoái, nhẹ nhàng, giảm cảm giác ngấy sau khi ăn.	Mọi lứa tuổi, sau bữa ăn, trời nóng	0	35000	10	15	Trà Lipton, chanh, đường, nước, đá	Không có	Chanh tươi không hạt từ nhà cung cấp địa phương.	[{"ingredient": "Nguyên liệu phụ (chanh, đường, trà Lipton)", "supplier_name": "Bách Hóa Xanh / WinMart", "type": "Chuỗi siêu thị", "verification_notes": "Sản phẩm mua trực tiếp, có hóa đơn đối chiếu.", "reference_links": []}]	Trà túi lọc hãm với nước sôi, thêm nước cốt chanh, đường và đá.	Bổ sung vitamin C từ chanh tươi	null	{"calories_kcal": "~80-100", "sugar_g": "~20"}	nong_nuc, met_moi, an_ngay	explorer ("Người khám phá"), fast_decision ("Quyết định nhanh")	simple ("Đơn giản"), sporty ("Thể thao, năng động")	soft_slow ("Nhẹ nhàng, Chậm rãi"), short_direct ("Ngắn gọn, Trực tiếp")
DRK-NCC	Nước Chanh	Giải khát nhanh	Juice	Sản phẩm Dẫn dắt (Lead Magnet)	Nước cốt chanh tươi pha với đường và nước lọc, phục vụ với đá.	- Vitamin C tự nhiên<br>- Giải nhiệt nhanh	giai_khat, giai_nhiet, khong_caffeine, vitamin_c, healthy	Chua thanh của chanh tươi, cân bằng với vị ngọt của đường.	Hương thơm tự nhiên, tươi mát của chanh.	Lỏng	Lạnh	Vừa đủ	Thanh mát cơ thể, sảng khoái.	Người cần giải nhiệt, người tránh caffeine, trẻ em	0	25000	10	15	Chanh, đường, nước, đá	Không có	Chanh tươi không hạt từ nhà cung cấp địa phương.	[{"ingredient": "Chanh tươi", "supplier_name": "Bách Hóa Xanh / WinMart", "type": "Chuỗi siêu thị", "verification_notes": "Sản phẩm mua trực tiếp, có hóa đơn đối chiếu.", "reference_links": []}]	Nước cốt chanh vắt trực tiếp, hòa tan với đường và nước lọc, thêm đá.	Bổ sung vitamin C từ chanh tươi, không chứa caffeine	null	{"calories_kcal": "~70-90", "sugar_g": "~18"}	nong_nuc, khat_nuoc	health_conscious ("Quan tâm sức khoẻ"), fast_decision ("Quyết định nhanh")	simple ("Đơn giản"), sporty ("Thể thao, năng động")	short_direct ("Ngắn gọn, Trực tiếp")
DRK-TRG	Trà Gừng Ấm Nóng	Giải khát nhanh	Herbal Tea	Sản phẩm Chữa lành (Healing Product)	Gừng tươi thái lát nấu cùng nước nóng, có thể thêm đường hoặc mật ong.	- Làm ấm cơ thể<br>- Sử dụng gừng tươi	am_bung, giai_cam, tot_cho_co_hong, mon_cho_troi_lanh	Cay nồng của gừng tươi, cân bằng bởi vị ngọt thanh.	Thơm nồng ấm, đặc trưng của gừng tươi.	Lỏng	Nóng	Nhẹ	Ấm người, dễ chịu, thư giãn cổ họng.	Người bị cảm lạnh, cần làm ấm cơ thể, trời lạnh	1	30000	10	15	Gừng, nước, đường, mật ong	Không có	Gừng tươi và mật ong nguyên chất từ nhà cung cấp địa phương.	[{"ingredient": "Gừng tươi, Mật ong", "supplier_name": "Bách Hóa Xanh / WinMart", "type": "Chuỗi siêu thị", "verification_notes": "Sản phẩm mua trực tiếp, có hóa đơn đối chiếu.", "reference_links": []}]	Gừng tươi thái lát nấu sôi cùng nước. Thêm đường/mật ong khi phục vụ.	Hỗ trợ làm ấm cơ thể, hỗ trợ làm dịu cổ họng	[{"group_name": "Chất tạo ngọt", "type": "single", "choices": [{"name": "Dùng Mật Ong", "price_delta": 5000}]}]	{"calories_kcal": "~50-70", "sugar_g": "~12"}	met, cam, lanh, can_thu_gian	calm_reflective ("Điềm tĩnh, cân nhắc"), health_conscious ("Quan tâm sức khoẻ")	simple ("Đơn giản"), office_formal ("Công sở, trang trọng")	soft_slow ("Nhẹ nhàng, Chậm rãi")
DRK-WTR	Nước Lọc Chai (Tự Phục Vụ)	Tiện ích Miễn phí	Amenity	Sản phẩm Tiện ích (Utility Product)	Nước khoáng tinh khiết đóng chai 500ml, miễn phí, tự phục vụ tại quầy.	- Miễn phí<br>- Tự phục vụ	tu_phuc_vu, mien_phi, nuoc_suoi	Tinh khiết, không vị.	Không mùi.	Lỏng	Lạnh	Chai 500ml & 350ml	Bù nước, thanh lọc vị giác.	Mọi đối tượng.	0	0	0	0	Nước khoáng tinh khiết.	Không có	Nhà cung cấp Aquafina, La Vie.	[{"ingredient": "Nước đóng chai", "supplier_name": "Bách Hóa Xanh / WinMart", "type": "Chuỗi siêu thị", "verification_notes": "Sản phẩm từ các thương hiệu lớn như Aquafina, Lavie...", "reference_links": []}]	Tự phục vụ tại quầy chính.	Bù nước cho cơ thể.	[{"group_name": "Thương hiệu", "type": "info_only", "choices": ["Aquafina", "La Vie"]}]	{"calories_kcal": "~0", "sugar_g": "~0"}	khat_nuoc	fast_decision ("Quyết định nhanh")	simple ("Đơn giản")	short_direct ("Ngắn gọn, Trực tiếp")
FST-CCR	Cơm Chiên Rau Củ	Nạp năng lượng tức thì	Quick Meal	Sản phẩm Phổ thông (Mainstream/Volume Driver)	Cơm trắng chiên với các loại rau củ thái hạt lựu.	- Chắc bụng, đủ năng lượng<br>- Món ăn quen thuộc	com_chien, rau_cu, an_trua, bua_chinh, chay_duoc	Mặn, ngọt nhẹ từ rau củ.	Thơm mùi cơm chiên	Hạt cơm săn, rau củ giòn.	Nóng	Vừa đủ no	Chắc bụng, cung cấp năng lượng bền bỉ.	Bữa trưa, bữa ăn chính nhanh gọn	0	40000	15	25	Cơm, rau củ, gia vị	Đậu nành (nước tương)	Nguyên liệu tươi mới được chọn mua mỗi sáng.	[{"ingredient": "Gạo, rau củ theo mùa, gia vị", "supplier_name": "Bách Hóa Xanh / WinMart", "type": "Chuỗi siêu thị", "verification_notes": "Nguyên liệu tươi mới mua mỗi ngày, có hóa đơn đối chiếu.", "reference_links": []}]	Cơm được chiên cùng các loại rau củ thái hạt lựu.	Cung cấp năng lượng, chất xơ từ rau củ	null	{"calories_kcal": "~500-600", "sugar_g": "~5"}	doi_bung, an_trua	routine_oriented ("Thiên về thói quen"), fast_decision ("Quyết định nhanh")	simple ("Đơn giản"), office_formal ("Công sở, trang trọng")	short_direct ("Ngắn gọn, Trực tiếp"), energetic ("Năng lượng")
FST-CTC	Cơm Trứng Chiên	Nạp năng lượng tức thì	Quick Meal	Sản phẩm Phổ thông (Mainstream/Volume Driver)	Cơm trắng nóng, phục vụ với trứng gà ốp la hoặc chiên, rưới nước tương.	- Cực kỳ nhanh chóng<br>- Cơ bản, dễ ăn	com_trung_chien, an_sang, an_trua, com_vien	Mặn, béo từ trứng.	Thơm mùi trứng chiên và cơm.	Cơm mềm, trứng mềm.	Nóng	Vừa đủ no	Chắc bụng, cung cấp năng lượng.	Cần ăn rất nhanh, bữa ăn đơn giản, bữa sáng/trưa	0	40000	15	25	Cơm, trứng, nước tương	Trứng, Đậu nành (nước tương)	Nguyên liệu tươi mới được chọn mua mỗi sáng.	[{"ingredient": "Gạo, trứng, gia vị", "supplier_name": "Bách Hóa Xanh / WinMart", "type": "Chuỗi siêu thị", "verification_notes": "Nguyên liệu tươi mới mua mỗi ngày, có hóa đơn đối chiếu.", "reference_links": []}]	Cơm trắng nấu chín, chiên cùng trứng hoặc ốp la, rưới nước tương.	Cung cấp protein từ trứng	[{"group_name": "Chế biến trứng", "type": "single", "choices": [{"name": "Ốp la lòng đào", "price_delta": 0}, {"name": "Ốp la chín kỹ", "price_delta": 0}]}]	{"calories_kcal": "~450-550", "sugar_g": "~2"}	doi_bung, an_sang, an_trua	fast_decision ("Quyết định nhanh"), routine_oriented ("Thiên về thói quen")	simple ("Đơn giản"), sporty ("Thể thao, năng động")	short_direct ("Ngắn gọn, Trực tiếp"), energetic ("Năng lượng")
FST-MGT	Mì Gói Trứng	Nạp năng lượng tức thì	Quick Meal	Sản phẩm Phổ thông (Mainstream/Volume Driver)	Mì gói ăn liền nấu với nước sôi và thêm một quả trứng gà, có thể tùy chọn các loại mì Việt Nam.	- No nhanh<br>- Tiện lợi, nóng hổi<br>- Tùy chọn mì quen thuộc	an_nong, no_nhanh, tien_loi, an_trua_nhanh, mi_viet_nam	Phụ thuộc vào loại mì được chọn (chua cay/đậm đà), béo từ trứng.	Thơm đặc trưng của loại mì được chọn.	Sợi mì dai (tùy loại), nước lỏng.	Nóng	Vừa đủ no	No bụng nhanh chóng, ấm người.	Người cần bữa ăn nhanh, khi đói, tiết kiệm thời gian	Phụ thuộc vào lựa chọn (1-2)	40000	15	25	Mì ăn liền (tùy chọn), trứng, gói gia vị, nước	Gluten, Trứng	Nguyên liệu từ các chuỗi siêu thị (Bách Hóa Xanh, Winmart).	[{"ingredient": "Mì ăn liền, trứng", "supplier_name": "Bách Hóa Xanh / WinMart", "type": "Chuỗi siêu thị", "verification_notes": "Sản phẩm từ các thương hiệu phổ biến như Kokomi, Omachi, Unif..., có hóa đơn đối chiếu.", "reference_links": []}]	Mì được trần qua nước sôi, sau đó thêm gói gia vị và trứng với nước sôi.	Cung cấp năng lượng tức thì	[{"group_name": "Chọn loại mì", "type": "single", "choices": [{"name": "Kokomi Đại Tôm Chua Cay (Mặc định)", "price_delta": 0}, {"name": "Omachi Sườn Hầm Ngũ Quả", "price_delta": 10000}, {"name": "3 Miền Unif Tôm Chua Cay", "price_delta": 5000}]}, {"group_name": "Tùy chọn thêm", "type": "multiple", "choices": [{"name": "Thêm 1 trứng", "price_delta": 10000}, {"name": "Thêm xúc xích", "price_delta": 15000}]}]	{"calories_kcal": "~450-550", "sugar_g": "~5"}	doi_bung, can_an_nhanh, them_an_chua_cay	fast_decision ("Quyết định nhanh"), routine_oriented ("Thiên về thói quen"), explorer ("Người khám phá")	simple ("Đơn giản"), sporty ("Thể thao, năng động")	short_direct ("Ngắn gọn, Trực tiếp")
FST-BCG	Bún Chả Giò	Nạp năng lượng tức thì	Quick Meal	Sản phẩm Cốt lõi (Core)	Bún tươi, chả giò chiên giòn, rau sống, phục vụ với nước mắm chua ngọt.	- Đủ chất (tinh bột, đạm, xơ)<br>- Cân bằng hương vị	bun_cha_gio, mon_nuoc_mat, an_trua, du_chat	Chua, cay, mặn, ngọt cân bằng, béo giòn từ chả giò.	Thơm mùi chả giò chiên và nước mắm tỏi ớt.	Sợi bún mềm, chả giò giòn, rau tươi	Mát	Vừa đủ no	Sảng khoái, không gây ngán hay nặng bụng.	Bữa trưa, bữa ăn chính nhanh gọn, trời nóng	1	40000	15	25	Bún, chả giò, rau, nước mắm	Gluten, Cá (nước mắm)	Nguyên liệu tươi mới được chọn mua mỗi sáng.	[{"ingredient": "Bún tươi, chả giò, rau sống, gia vị", "supplier_name": "Bách Hóa Xanh / WinMart", "type": "Chuỗi siêu thị", "verification_notes": "Nguyên liệu tươi mới mua mỗi ngày, có hóa đơn đối chiếu.", "reference_links": []}]	Chiên chả giò, chuẩn bị bún và rau sống, pha nước mắm.	Bữa ăn cân bằng các nhóm chất	[{"group_name": "Topping", "type": "single", "choices": [{"name": "Thêm Đậu Phộng", "price_delta": 0}]}]	{"calories_kcal": "~500-650", "sugar_g": "~15-20"}	an_ngon, khong_biet_an_gi	explorer ("Người khám phá"), detail_oriented ("Chú trọng chi tiết")	office_formal ("Công sở, trang trọng"), business_casual ("Công sở, thoải mái")	inquisitive ("Tò mò, Hay hỏi"), soft_slow ("Nhẹ nhàng, Chậm rãi")
FST-MXR	Miến Xào Rau Củ	Nạp năng lượng tức thì	Quick Meal	Sản phẩm Cốt lõi (Core)	Miến dong xào cùng các loại rau củ theo mùa (cà rốt, nấm, hành tây).	- Lựa chọn nhẹ bụng<br>- Nhiều chất xơ	an_chay, mon_xao, healthy, nhieu_rau, nhe_bung	Ngọt thanh từ rau củ, mặn nhẹ từ gia vị.	Thơm mùi rau củ xào tỏi.	Sợi miến dai, rau củ giòn	Nóng	Vừa đủ no	Nhẹ bụng, dễ tiêu hóa, không gây buồn ngủ.	Bữa trưa nhẹ, người ăn chay, người quan tâm sức khoẻ	0	40000	15	25	Miến dong, cà rốt, nấm, rau củ khác	Đậu nành (nước tương)	Rau củ tươi theo mùa từ các nhà cung cấp địa phương.	[{"ingredient": "Miến dong, rau củ theo mùa, gia vị", "supplier_name": "Bách Hóa Xanh / WinMart", "type": "Chuỗi siêu thị", "verification_notes": "Nguyên liệu tươi mới mua mỗi ngày, có hóa đơn đối chiếu.", "reference_links": []}]	Xào rau củ với lửa lớn, sau đó cho miến đã ngâm vào xào chung.	Giàu chất xơ từ rau củ	null	{"calories_kcal": "~350-450", "sugar_g": "~5-10"}	an_nhe, an_chay, met_moi	health_conscious ("Quan tâm sức khoẻ"), calm_reflective ("Điềm tĩnh, cân nhắc")	simple ("Đơn giản"), office_formal ("Công sở, trang trọng")	soft_slow ("Nhẹ nhàng, Chậm rãi")
PRE-BF-CHA	Cháo Thập Cẩm & Sữa Chua	Khẩu phần ăn đăng ký trước	Bữa sáng	Sản phẩm Cốt lõi (Core)	Cháo hầm xương với thịt bằm, tôm, nấm. Ăn kèm sữa chua.	- Bữa sáng ấm, dễ tiêu hóa<br>- Đủ chất	bua_sang, an_sang_lanh_manh, chao_dinh_duong, de_tieu	Ngọt thanh từ nước xương, đậm đà từ thịt và tôm.	Thơm mùi cháo ninh, hành, tiêu.	Mềm, mịn	Nóng	Vừa đủ no	Ấm bụng, nhẹ nhàng, sẵn sàng cho ngày mới.	Nhân sự đăng ký bữa sáng theo tuần hoặc tối thiểu 24h	0	35000	-	-	Gạo, xương, thịt heo, tôm, nấm, sữa chua	Hải sản, Sữa	Nguyên liệu tươi mới được chọn mua mỗi sáng.	[{"ingredient": "Gạo, thịt, tôm, rau củ, sữa chua", "supplier_name": "Bách Hóa Xanh / WinMart", "type": "Chuỗi siêu thị", "verification_notes": "Nguyên liệu tươi mới mua mỗi ngày, có hóa đơn đối chiếu.", "reference_links": []}]	Cháo ninh từ nước hầm xương, topping xào thơm và cho vào sau.	Bữa sáng cân bằng, dễ tiêu hóa	[{"group_name": "Tùy chọn", "type": "single", "choices": [{"name": "Không lấy hành/ngò", "price_delta": 0}]}]	{"calories_kcal": "~400-500", "sugar_g": "~10-15"}	met_moi, an_nhe, can_chuan_bi_cho_ngay_moi	routine_oriented ("Thiên về thói quen"), calm_reflective ("Điềm tĩnh, cân nhắc")	simple ("Đơn giản"), office_formal ("Công sở, trang trọng")	soft_slow ("Nhẹ nhàng, Chậm rãi")
PRE-BF-BTN	Bún Thịt Nướng Chả Giò	Khẩu phần ăn đăng ký trước	Bữa sáng	Sản phẩm Đặc trưng (Signature)	Bún tươi, thịt nướng, chả giò, rau sống và nước mắm chua ngọt.	- Bữa sáng đủ năng lượng<br>- Thịt nướng thơm	bua_sang, bun_thit_nuong, no_lau, nang_luong_cao	Mặn, ngọt, chua, béo hài hòa.	Thơm mùi thịt nướng than, nước mắm.	Sợi bún mềm, thịt mềm, chả giò giòn	Mát	No lâu	Tràn đầy năng lượng, tinh thần hứng khởi.	Nhân sự đăng ký bữa sáng theo tuần hoặc tối thiểu 24h	1	40000	-	-	Bún, thịt heo, chả giò, rau, nước mắm, đậu phộng	Gluten, Cá (nước mắm), Đậu phộng	Nguyên liệu tươi mới được chọn mua mỗi sáng.	[{"ingredient": "Bún tươi, thịt heo, chả giò, rau sống", "supplier_name": "Bách Hóa Xanh / WinMart", "type": "Chuỗi siêu thị", "verification_notes": "Nguyên liệu tươi mới mua mỗi ngày, có hóa đơn đối chiếu.", "reference_links": []}]	Thịt ướp theo công thức riêng và nướng, chả giò chiên giòn.	Cung cấp năng lượng dồi dào cho buổi sáng	[{"group_name": "Tùy chọn", "type": "single", "choices": [{"name": "Không lấy đậu phộng", "price_delta": 0}]}]	{"calories_kcal": "~600-750", "sugar_g": "~20"}	can_nang_luong, doi_bung	energetic ("Năng lượng"), fast_decision ("Quyết định nhanh")	sporty ("Thể thao, năng động"), business_casual ("Công sở, thoải mái")	energetic ("Năng lượng"), short_direct ("Ngắn gọn, Trực tiếp")
PRE-BF-HLC	Combo Khoai Lang, Chuối & Sữa Chua	Khẩu phần ăn đăng ký trước	Bữa sáng	Sản phẩm Ngách (Niche Product)	Combo lành mạnh gồm khoai lang Nhật bùi ngọt, chuối giàu năng lượng và sữa chua nha đam mát lành.	- Nhanh, gọn, đủ chất<br>- Giàu chất xơ, tốt cho tiêu hóa	bua_sang, healthy, lanh_manh, giam_can, an_nhanh, khong_nau, tot_cho_tieu_hoa	Khoai lang bùi dẻo, chuối ngọt tự nhiên, sữa chua nha đam chua dịu, mát lành.	Thơm nhẹ tự nhiên của khoai luộc, chuối chín và sữa chua.	Khoai mềm dẻo, chuối mềm, sữa chua sánh mịn.	Mát	Nhẹ	Cảm giác cơ thể nhẹ nhàng, sảng khoái, không gây nặng bụng.	Người cần bữa sáng nhanh gọn, người tập luyện, người quan tâm sức khoẻ	0	35000	-	-	Khoai lang Nhật, chuối, sữa chua nha đam	Sữa	Nguyên liệu tươi mới được chọn mua mỗi sáng.	[{"ingredient": "Khoai lang, chuối, sữa chua", "supplier_name": "Bách Hóa Xanh / WinMart", "type": "Chuỗi siêu thị", "verification_notes": "Nguyên liệu tươi mới mua mỗi ngày, có hóa đơn đối chiếu.", "reference_links": []}]	Khoai lang được hấp/luộc chín. Phục vụ cùng chuối chín và sữa chua ướp lạnh.	Giàu chất xơ, hỗ trợ tiêu hóa, cung cấp năng lượng bền bỉ	null	{"calories_kcal": "~300-350", "sugar_g": "~25-30"}	can_an_nhanh, can_an_lanh_manh	health_conscious ("Quan tâm sức khoẻ"), fast_decision ("Quyết định nhanh"), routine_oriented ("Thiên về thói quen")	sporty ("Thể thao, năng động"), simple ("Đơn giản"), business_casual ("Công sở, thoải mái")	short_direct ("Ngắn gọn, Trực tiếp")
PRE-LU-GNH	Cơm Gà Nướng Mật Ong	Khẩu phần ăn đăng ký trước	Bữa trưa	Sản phẩm Phổ thông (Mainstream/Volume Driver)	Cơm, đùi gà nướng mật ong và bắp cải xào.	- Da gà giòn, thịt mềm<br>- Vị mặn ngọt cân bằng	com_van_phong, com_ga, bua_trua_du_chat	Mặn, ngọt.	Thơm mùi gà nướng mật ong.	Cơm mềm, thịt mềm, rau giòn	Nóng	Vừa đủ no	No bụng, hài lòng, không gây nặng bụng.	Nhân sự đăng ký bữa sáng theo tuần hoặc tối thiểu 24h	0	40000	-	-	Gạo, đùi gà, mật ong, bắp cải, cà rốt	Đậu nành (nước tương)	Nguyên liệu tươi mới được chọn mua mỗi sáng.	[{"ingredient": "Gạo, thịt gà, rau củ, gia vị", "supplier_name": "Bách Hóa Xanh / WinMart", "type": "Chuỗi siêu thị", "verification_notes": "Nguyên liệu tươi mới mua mỗi ngày, có hóa đơn đối chiếu.", "reference_links": []}]	Gà ướp sốt mật ong và nướng, rau củ xào nhanh.	Bữa ăn cân bằng, giàu protein	null	{"calories_kcal": "~550-650", "sugar_g": "~10"}	doi_bung, khong_biet_an_gi	routine_oriented ("Thiên về thói quen"), fast_decision ("Quyết định nhanh")	office_formal ("Công sở, trang trọng"), simple ("Đơn giản")	short_direct ("Ngắn gọn, Trực tiếp")
PRE-LU-TBL	Cơm Thịt Luộc Chấm Chao, Canh Mồng Tơi	Khẩu phần ăn đăng ký trước	Bữa trưa	Sản phẩm Phổ thông (Mainstream/Volume Driver)	Thịt ba rọi luộc mềm ngọt, chấm chao béo thơm đặc trưng, ăn kèm canh mồng tơi thanh mát.	- Vị cơm nhà, thanh mát<br>- Thịt luộc mềm, chao pha đặc trưng<br>- Ít dầu mỡ	com_van_phong, com_nha, thit_luoc, thanh_mat, de_tieu, it_dau_mo	Thịt luộc ngọt béo, chao mặn béo vừa miệng, canh mồng tơi thanh mát cân bằng vị giác.	Mùi chao béo nồng, hòa hương rau mồng tơi và thịt luộc thân thuộc.	Thịt mềm, da giòn sần sật, rau mềm.	Nóng	No lâu	No bụng, hài lòng nhưng cơ thể nhẹ nhàng, sảng khoái.	Nhân sự đăng ký bữa sáng theo tuần hoặc tối thiểu 24h	0	35000	-	-	Gạo, thịt ba rọi, chao, mồng tơi, đậu bắp, gia vị	Đậu nành	Nguyên liệu tươi mới được chọn mua mỗi sáng từ Bách Hóa Xanh/Winmart.	[{"ingredient": "Gạo, thịt ba rọi, chao, rau mồng tơi", "supplier_name": "Bách Hóa Xanh / WinMart", "type": "Chuỗi siêu thị", "verification_notes": "Nguyên liệu tươi mới mua mỗi ngày, có hóa đơn đối chiếu.", "reference_links": []}]	Thịt ba rọi luộc vừa tới, rau luộc giữ màu xanh, canh nấu mới.	Bữa ăn ít dầu mỡ, hỗ trợ cung cấp collagen từ da heo	[{"group_name": "Tùy chọn thêm", "type": "multiple", "choices": [{"name": "Thêm Thịt Luộc", "price_delta": 15000}, {"name": "Thêm Rau Luộc", "price_delta": 10000}]}]	{"calories_kcal": "~600-700", "sugar_g": "~5"}	nho_nha, an_nhe, met_moi, nong_nuc	calm_reflective ("Điềm tĩnh, cân nhắc"), routine_oriented ("Thiên về thói quen")	simple ("Đơn giản"), office_formal ("Công sở, trang trọng")	soft_slow ("Nhẹ nhàng, Chậm rãi")
PRE-LU-TKH	Cơm Thịt Kho Trứng, Canh Bí Đỏ	Khẩu phần ăn đăng ký trước	Bữa trưa	Sản phẩm Phổ thông (Mainstream/Volume Driver)	Thịt kho trứng đậm đà màu cánh gián, ăn cùng cơm trắng dẻo thơm và canh bí đỏ thanh mát.	- Vị đậm đà, quen thuộc<br>- Thịt kho mềm, thấm vị	com_van_phong, com_nha, thit_kho, am_bung, no_lau	Nước kho mặn ngọt thấm vào thịt mềm và trứng bùi, canh bí đỏ ngọt thanh cân bằng.	Nước kho thơm mùi tiêu và nước hàng, hòa quyện hương canh bí đỏ dịu nhẹ.	Cơm mềm, thịt mềm.	Nóng	No lâu	No bụng, cảm giác ấm cúng, thân thuộc.	Nhân sự đăng ký bữa sáng theo tuần hoặc tối thiểu 24h	0	40000	-	-	Gạo, thịt heo, trứng, bí đỏ, rau củ xào, gia vị	Trứng, Đậu nành	Nguyên liệu tươi mới được chọn mua mỗi sáng từ Bách Hóa Xanh/Winmart.	[{"ingredient": "Gạo, thịt heo, trứng, bí đỏ, rau củ", "supplier_name": "Bách Hóa Xanh / WinMart", "type": "Chuỗi siêu thị", "verification_notes": "Nguyên liệu tươi mới mua mỗi ngày, có hóa đơn đối chiếu.", "reference_links": []}]	Thịt và trứng kho liu riu cho thấm vị, canh và rau nấu mới mỗi ngày.	Bữa ăn cân bằng các nhóm chất, cung cấp protein từ thịt và trứng	[{"group_name": "Tùy chọn thêm", "type": "multiple", "choices": [{"name": "Thêm Thịt Kho", "price_delta": 10000}, {"name": "Thêm Trứng Kho", "price_delta": 7000}]}]	{"calories_kcal": "~650-800", "sugar_g": "~15"}	doi_bung, nho_nha, met_moi	routine_oriented ("Thiên về thói quen"), fast_decision ("Quyết định nhanh")	simple ("Đơn giản"), office_formal ("Công sở, trang trọng")	short_direct ("Ngắn gọn, Trực tiếp")
PRE-LU-MXS	Cơm Mực Xào Sả Ớt	Khẩu phần ăn đăng ký trước	Bữa trưa	Sản phẩm Phổ thông (Mainstream/Volume Driver)	Mực tươi giòn xào sả ớt thơm lừng, cay nồng, ăn cùng rau xào và canh ngọt dịu.	- Mực tươi, giòn<br>- Vị cay nồng, kích thích vị giác	com_van_phong, hai_san, mon_cay, tinh_tao	Mực ngọt tự nhiên quyện vị sả ớt cay ấm, được cân bằng bởi rau xào và canh ngọt.	Hương sả ớt phi vàng quyện mùi mực tươi và tỏi xào, thơm nồng.	Mực giòn, cơm mềm.	Nóng	Vừa đủ no	Cơ thể ấm lên, tinh thần tỉnh táo và sảng khoái hơn.	Nhân sự đăng ký bữa sáng theo tuần hoặc tối thiểu 24h	2	40000	-	-	Gạo, mực, sả, ớt, rau cải, bí đỏ, gia vị	Hải sản	Nguyên liệu tươi mới được chọn mua mỗi sáng.	[{"ingredient": "Gạo, mực, sả, ớt, rau củ", "supplier_name": "Bách Hóa Xanh / WinMart", "type": "Chuỗi siêu thị", "verification_notes": "Nguyên liệu tươi mới mua mỗi ngày, có hóa đơn đối chiếu.", "reference_links": []}]	Mực tươi xào lửa lớn với sả ớt để giữ độ giòn, rau xào nhanh.	Hỗ trợ làm ấm cơ thể, kích thích vị giác	[{"group_name": "Tùy chỉnh", "type": "single", "choices": [{"name": "Ít cay", "price_delta": 0}, {"name": "Cay nhiều", "price_delta": 0}]}, {"group_name": "Tùy chọn thêm", "type": "single", "choices": [{"name": "Thêm mực", "price_delta": 15000}]}]	{"calories_kcal": "~550-650", "sugar_g": "~8"}	buon_ngu, met_moi, can_tinh_tao	explorer ("Người khám phá"), energetic ("Năng lượng")	sporty ("Thể thao, năng động"), business_casual ("Công sở, thoải mái")	energetic ("Năng lượng"), short_direct ("Ngắn gọn, Trực tiếp")
PRE-LU-GCN	Cơm Gà Chiên Nước Mắm, Trứng Ốp La	Khẩu phần ăn đăng ký trước	Bữa trưa	Sản phẩm Phổ thông (Mainstream/Volume Driver)	Đùi gà chiên nước mắm vàng giòn, trứng ốp la béo ngậy, ăn cùng cơm nóng và canh rau thanh mát.	- Gà chiên thấm vị mắm tỏi<br>- Món ăn "quốc dân", dễ ăn	com_van_phong, com_ga, com_chien, no_lau	Gà chiên mặn ngọt, trứng ốp la béo ngậy, canh rau thanh mát cân bằng.	Hương gà chiên tỏi mắm, trứng béo và rau xào thơm tỏi.	Gà da giòn thịt mềm, cơm dẻo.	Nóng	No lâu	No đủ, hài lòng và tràn đầy năng lượng.	Nhân sự đăng ký bữa sáng theo tuần hoặc tối thiểu 24h	1	40000	-	-	Gạo, đùi gà, trứng, nước mắm, su su, cải ngọt, gia vị	Trứng, Cá (nước mắm), Đậu nành	Nguyên liệu tươi mới được chọn mua mỗi sáng.	[{"ingredient": "Gạo, thịt gà, trứng, rau củ", "supplier_name": "Bách Hóa Xanh / WinMart", "type": "Chuỗi siêu thị", "verification_notes": "Nguyên liệu tươi mới mua mỗi ngày, có hóa đơn đối chiếu.", "reference_links": []}]	Gà chiên giòn, sau đó áo qua sốt mắm tỏi ớt. Trứng ốp la theo yêu cầu.	Cung cấp protein hoàn chỉnh từ gà và trứng	[{"group_name": "Chế biến trứng", "type": "single", "choices": [{"name": "Ốp la lòng đào", "price_delta": 0}, {"name": "Ốp la chín kỹ", "price_delta": 0}]}, {"group_name": "Tùy chọn thêm", "type": "single", "choices": [{"name": "Thêm gà chiên", "price_delta": 20000}]}]	{"calories_kcal": "~700-850", "sugar_g": "~10"}	doi_bung, khong_biet_an_gi	routine_oriented ("Thiên về thói quen"), fast_decision ("Quyết định nhanh")	simple ("Đơn giản"), sporty ("Thể thao, năng động")	short_direct ("Ngắn gọn, Trực tiếp")
PRE-LU-CHS	Cơm Chiên Hải Sản, Canh Bí Xanh	Khẩu phần ăn đăng ký trước	Bữa trưa	Sản phẩm Phổ thông (Mainstream/Volume Driver)	Cơm chiên tơi hạt với tôm tươi, ăn cùng canh bí xanh hầm sườn non ngọt thanh.	- Cơm chiên tôm tươi<br>- Kèm canh bí xanh giải nhiệt	com_van_phong, com_chien, hai_san, thanh_mat	Cơm chiên đậm đà, tôm tươi ngọt, canh bí xanh sườn non thanh dịu.	Cơm chiên tỏi và hải sản tươi, hòa quyện vị ngọt mát của canh bí xanh.	Hạt cơm tơi xốp, tôm giòn.	Nóng	Vừa đủ no	No đủ nhưng cơ thể nhẹ nhàng, sảng khoái.	Nhân sự đăng ký bữa sáng theo tuần hoặc tối thiểu 24h	0	40000	-	-	Gạo, tôm, trứng, sườn non, bí xanh, bắp cải, gia vị	Hải sản, Trứng	Nguyên liệu tươi mới được chọn mua mỗi sáng.	[{"ingredient": "Gạo, tôm, trứng, sườn non, bí xanh", "supplier_name": "Bách Hóa Xanh / WinMart", "type": "Chuỗi siêu thị", "verification_notes": "Nguyên liệu tươi mới mua mỗi ngày, có hóa đơn đối chiếu.", "reference_links": []}]	Cơm chiên lửa lớn cùng tôm, rau củ. Canh bí xanh hầm sườn non.	Bữa ăn cân bằng, hỗ trợ giải nhiệt cơ thể	[{"group_name": "Tùy chọn thêm", "type": "single", "choices": [{"name": "Thêm trứng ốp la", "price_delta": 10000}]}]	{"calories_kcal": "~600-700", "sugar_g": "~5"}	nong_nuc, doi_bung	calm_reflective ("Điềm tĩnh, cân nhắc"), health_conscious ("Quan tâm sức khoẻ")	office_formal ("Công sở, trang trọng"), business_casual ("Công sở, thoải mái")	soft_slow ("Nhẹ nhàng, Chậm rãi")
PRE-LU-SKH	Cơm Sườn Kho, Trứng Ốp La	Khẩu phần ăn đăng ký trước	Bữa trưa	Sản phẩm Phổ thông (Mainstream/Volume Driver)	Sườn cốt lết kho mềm rục, đậm đà, ăn cùng trứng ốp la, rau xào và canh nóng.	- Sườn kho mềm, đậm đà<br>- Bữa ăn đầy đủ kho, xào, canh	com_van_phong, com_suon, com_nha, no_lau	Sườn kho mặn ngọt thấm vị, trứng béo ngậy, canh rau thanh mát.	Mùi thịt kho tiêu đậm đà, quyện trứng chiên béo và canh nóng.	Sườn mềm rục, cơm dẻo.	Nóng	No lâu	No đủ, hài lòng và ấm bụng.	Nhân sự đăng ký bữa sáng theo tuần hoặc tối thiểu 24h	1	50000	-	-	Gạo, sườn cốt lết, trứng, cải ngọt, bí đỏ, gia vị	Trứng, Đậu nành	Nguyên liệu tươi mới được chọn mua mỗi sáng.	[{"ingredient": "Gạo, sườn heo, trứng, rau củ", "supplier_name": "Bách Hóa Xanh / WinMart", "type": "Chuỗi siêu thị", "verification_notes": "Nguyên liệu tươi mới mua mỗi ngày, có hóa đơn đối chiếu.", "reference_links": []}]	Sườn kho lửa nhỏ cho thấm vị, mềm rục. Trứng ốp la theo yêu cầu.	Cung cấp canxi và phốt pho từ sườn, tốt cho xương	[{"group_name": "Chế biến trứng", "type": "single", "choices": [{"name": "Ốp la lòng đào", "price_delta": 0}, {"name": "Ốp la chín kỹ", "price_delta": 0}]}, {"group_name": "Tùy chọn thêm", "type": "single", "choices": [{"name": "Thêm sườn", "price_delta": 20000}]}]	{"calories_kcal": "~750-900", "sugar_g": "~15"}	doi_bung, can_nang_luong	routine_oriented ("Thiên về thói quen"), fast_decision ("Quyết định nhanh")	office_formal ("Công sở, trang trọng"), simple ("Đơn giản")	short_direct ("Ngắn gọn, Trực tiếp")
PRE-LU-CKC	Cơm Cá Nục Kho Cà	Khẩu phần ăn đăng ký trước	Bữa trưa	Sản phẩm Phổ thông (Mainstream/Volume Driver)	Cá nục kho cà chua đậm đà, mềm rục, ăn cùng cơm trắng nóng hổi và canh rau.	- Vị cá kho dân dã, gợi ký ức<br>- Cá kho mềm, thấm vị	com_van_phong, com_nha, ca_kho, am_bung	Cá mềm thơm trong sốt cà chua chua nhẹ, đậm đà.	Cá kho cà chua, hành tỏi phi hòa hương canh xương hầm ấm cúng.	Cá mềm, cơm dẻo.	Nóng	Vừa đủ no	Vị giác được vỗ về bởi hương vị quen thuộc, thư thái.	Nhân sự đăng ký bữa sáng theo tuần hoặc tối thiểu 24h	1	40000	-	-	Gạo, cá nục, cà chua, bắp cải, sườn, gia vị	Cá	Nguyên liệu tươi mới được chọn mua mỗi sáng.	[{"ingredient": "Gạo, cá nục, cà chua, rau củ", "supplier_name": "Bách Hóa Xanh / WinMart", "type": "Chuỗi siêu thị", "verification_notes": "Nguyên liệu tươi mới mua mỗi ngày, có hóa đơn đối chiếu.", "reference_links": []}]	Cá nục tươi kho với sốt cà chua tươi, hành tỏi cho đến khi thấm vị.	Giàu Omega-3 từ cá, tốt cho tim mạch	[{"group_name": "Tùy chọn thêm", "type": "single", "choices": [{"name": "Thêm cá kho", "price_delta": 10000}]}]	{"calories_kcal": "~550-650", "sugar_g": "~10"}	nho_nha, buon	calm_reflective ("Điềm tĩnh, cân nhắc"), routine_oriented ("Thiên về thói quen")	simple ("Đơn giản"), office_formal ("Công sở, trang trọng")	soft_slow ("Nhẹ nhàng, Chậm rãi")
PRE-LU-TBC	Cơm Thịt Ba Rọi Chiên Giòn	Khẩu phần ăn đăng ký trước	Bữa trưa	Sản phẩm Phổ thông (Mainstream/Volume Driver)	Ba rọi chiên giòn rụm, vàng ươm, ăn cùng cơm trắng, rau xào và canh thanh mát.	- Da heo giòn rụm, thịt mềm<br>- Vị đậm đà, thỏa mãn	com_van_phong, com_thit_chien, gion_rum, no_lau	Da giòn, mỡ béo, thịt ngọt, vị mặn đậm đà được cân bằng bởi rau và canh.	Mùi thịt chiên tỏi quyện cơm nóng và canh rau, kích thích vị giác.	Da giòn tan, thịt mềm.	Nóng	No lâu	No đủ, hài lòng và thỏa mãn vị giác.	Nhân sự đăng ký bữa sáng theo tuần hoặc tối thiểu 24h	0	45000	-	-	Gạo, thịt ba rọi, cải thìa, rau dền, gia vị	-	Nguyên liệu tươi mới được chọn mua mỗi sáng.	[{"ingredient": "Gạo, thịt ba rọi, rau củ", "supplier_name": "Bách Hóa Xanh / WinMart", "type": "Chuỗi siêu thị", "verification_notes": "Nguyên liệu tươi mới mua mỗi ngày, có hóa đơn đối chiếu.", "reference_links": []}]	Thịt ba rọi ướp vừa vị, chiên vàng giòn. Rau và canh nấu mới.	Cung cấp năng lượng nhanh chóng	[{"group_name": "Tùy chọn thêm", "type": "single", "choices": [{"name": "Thêm thịt chiên", "price_delta": 15000}]}]	{"calories_kcal": "~750-900", "sugar_g": "~5"}	doi_bung, them_an_mon_gion	fast_decision ("Quyết định nhanh"), explorer ("Người khám phá")	sporty ("Thể thao, năng động"), simple ("Đơn giản")	short_direct ("Ngắn gọn, Trực tiếp"), energetic ("Năng lượng")
PRE-LU-CKQ	Cơm Canh Khổ Qua Dồn Thịt, Trứng Chiên	Khẩu phần ăn đăng ký trước	Bữa trưa	Sản phẩm Phổ thông (Mainstream/Volume Driver)	Canh khổ qua hầm kỹ, vị đắng dịu ngọt thanh, ăn cùng trứng chiên hành mềm xốp và cơm nóng.	- Thanh mát, giải nhiệt<br>- Vị đắng dịu, ngọt hậu	com_van_phong, com_nha, thanh_nhiet, healthy, giai_nhiet	Khổ qua đắng dịu, nhân thịt ngọt, hậu vị ngọt thanh. Trứng chiên béo bùi cân bằng.	Canh khổ qua hầm thơm thanh hòa quyện trứng chiên hành béo.	Khổ qua mềm, nhân thịt dai.	Nóng	Vừa đủ no	Cơ thể được thanh lọc, nhẹ nhàng và sảng khoái.	Nhân sự đăng ký bữa sáng theo tuần hoặc tối thiểu 24h	0	40000	-	-	Gạo, khổ qua, thịt xay, nấm mèo, trứng, gia vị	Trứng	Nguyên liệu tươi mới được chọn mua mỗi sáng.	[{"ingredient": "Gạo, khổ qua, thịt heo, trứng", "supplier_name": "Bách Hóa Xanh / WinMart", "type": "Chuỗi siêu thị", "verification_notes": "Nguyên liệu tươi mới mua mỗi ngày, có hóa đơn đối chiếu.", "reference_links": []}]	Khổ qua nhồi thịt nấm mèo hầm nước xương. Trứng đánh hành chiên vàng.	Hỗ trợ thanh nhiệt, giải độc cơ thể	null	{"calories_kcal": "~500-600", "sugar_g": "~5"}	nong_nuc, met_moi, can_an_lanh_manh	health_conscious ("Quan tâm sức khoẻ"), calm_reflective ("Điềm tĩnh, cân nhắc")	simple ("Đơn giản"), office_formal ("Công sở, trang trọng")	soft_slow ("Nhẹ nhàng, Chậm rãi")
PRE-LU-BXT	Cơm Bò Xào Giá Hẹ	Khẩu phần ăn đăng ký trước	Bữa trưa	Sản phẩm Phổ thông (Mainstream/Volume Driver)	Thăn bò mềm ngọt xào nhanh cùng giá hẹ giòn mát, ăn kèm canh bí đỏ ngọt thanh.	- Giàu đạm, ít tinh bột<br>- Bò mềm, không dai	com_van_phong, com_bo, low_carb, giau_dam, healthy	Bò mềm đậm đà, giá và hẹ giòn ngọt tươi mát, canh bí đỏ bùi thơm.	Bò xào tỏi thơm nồng, quyện hẹ tươi và canh bí đỏ ngọt dịu.	Bò mềm, giá hẹ giòn.	Nóng	Vừa đủ no	No đủ nhưng cơ thể nhẹ nhàng, tinh thần minh mẫn.	Nhân sự đăng ký bữa sáng theo tuần hoặc tối thiểu 24h	0	45000	-	-	Gạo, thăn bò, giá đỗ, hẹ, bí đỏ, đậu hũ, gia vị	Đậu nành	Nguyên liệu tươi mới được chọn mua mỗi sáng.	[{"ingredient": "Gạo, thăn bò, giá đỗ, hẹ, rau củ", "supplier_name": "Bách Hóa Xanh / WinMart", "type": "Chuỗi siêu thị", "verification_notes": "Nguyên liệu tươi mới mua mỗi ngày, có hóa đơn đối chiếu.", "reference_links": []}]	Thịt bò ướp, xào nhanh với giá hẹ để giữ độ mềm ngọt.	Giàu protein và sắt từ thịt bò, hỗ trợ xây dựng cơ bắp	[{"group_name": "Tùy chọn thêm", "type": "single", "choices": [{"name": "Thêm bò", "price_delta": 15000}]}]	{"calories_kcal": "~450-550", "sugar_g": "~8"}	can_nang_luong_sach, sau_khi_tap	health_conscious ("Quan tâm sức khoẻ"), fast_decision ("Quyết định nhanh")	sporty ("Thể thao, năng động"), business_casual ("Công sở, thoải mái")	energetic ("Năng lượng"), short_direct ("Ngắn gọn, Trực tiếp")
PRE-LU-CKH	Cơm Cá Kho Tộ	Khẩu phần ăn đăng ký trước	Bữa trưa	Sản phẩm Phổ thông (Mainstream/Volume Driver)	Cơm, cá kho tộ đậm vị, rau luộc và canh theo ngày.	- Vị cá kho truyền thống<br>- Đậm đà, ăn cùng cơm trắng	com_van_phong, com_nha, ca_kho, am_bung	Mặn, ngọt, cay nhẹ.	Thơm mùi cá kho, tiêu.	Cá mềm, cơm dẻo	Nóng	No lâu	No bụng, cảm giác ấm cúng, hài lòng.	Nhân sự đăng ký bữa sáng theo tuần hoặc tối thiểu 24h	1	40000	-	-	Gạo, cá (lóc/nục), thịt ba rọi, gia vị	Cá, Đậu nành	Nguyên liệu tươi mới được chọn mua mỗi sáng.	[{"ingredient": "Gạo, cá (lóc/nục), thịt ba rọi, rau củ", "supplier_name": "Bách Hóa Xanh / WinMart", "type": "Chuỗi siêu thị", "verification_notes": "Nguyên liệu tươi mới mua mỗi ngày, có hóa đơn đối chiếu.", "reference_links": []}]	Cá kho trong nồi đất với lửa nhỏ để thấm đều gia vị.	Bữa ăn giàu Omega-3 từ cá	[{"group_name": "Tùy chọn", "type": "single", "choices": [{"name": "Không cay", "price_delta": 0}]}]	{"calories_kcal": "~550-650", "sugar_g": "~10"}	doi_bung, nho_nha, lanh	routine_oriented ("Thiên về thói quen"), calm_reflective ("Điềm tĩnh, cân nhắc")	simple ("Đơn giản"), office_formal ("Công sở, trang trọng")	soft_slow ("Nhẹ nhàng, Chậm rãi")
TEA-BTR	Bạch Trà Shan Tuyết Cổ Thụ	Trà Pha Ấm	Trà Vị Thanh	Sản phẩm Đặc trưng (Signature)	Trà từ búp tuyết trắng của cây trà Shan Tuyết cổ thụ, được sấy lạnh để giữ trọn vị tinh khôi.	- Vị thanh, hương thơm dịu<br>- Nguyên liệu từ búp tuyết trắng quý hiếm	tra_thuong_hang, tra_shan_tuyet, tra_vi_thanh, tiep_khach, tra_trang	Vị thanh khiết, ngọt nhẹ tự nhiên, gần như không có vị chát.	Hương thơm dịu nhẹ, tinh khôi của búp trà non.	Lỏng	Nóng	Ấm (không giới hạn nước châm)	Thư giãn tinh thần, thanh lọc vị giác, cảm giác nhẹ nhàng.	Họp nhóm quan trọng, tiếp khách, người sành trà, cần thư giãn	0	250000	15	25	Búp trà Shan Tuyết	Không có	Cây trà Shan Tuyết cổ thụ, Hà Giang.	[{"ingredient": "Trà Shan Tuyết", "supplier_name": "Trà Cổ Thái An", "type": "Thương hiệu trà truyền thống", "verification_notes": "Trà cổ thụ từ Hà Giang, quy trình sản xuất minh bạch.", "reference_links": ["https://www.facebook.com/tracothaian"]}]	Pha bằng ấm tử sa với nhiệt độ nước (khoảng 80-85°C) và thời gian hãm chuẩn.	Hỗ trợ thư giãn tinh thần	null	{"calories_kcal": "~0-5", "sugar_g": "~0"}	can_thu_gian, hop_quan_trong, stress	calm_reflective ("Điềm tĩnh, cân nhắc"), detail_oriented ("Chú trọng chi tiết")	elegant ("Thanh lịch"), office_formal ("Công sở, trang trọng")	soft_slow ("Nhẹ nhàng, Chậm rãi"), inquisitive ("Tò mò, Hay hỏi")
TEA-DBT	Đại Bạch Trà Rừng	Trà Pha Ấm	Trà Vị Thanh	Sản phẩm Đặc trưng (Signature)	Trà làm từ những chồi non trên nhánh cây trà rừng hoang dã, mang vị ngọt thanh nguyên bản.	- Vị thanh ngọt nhẹ<br>- Hoàn toàn không chát	tra_vi_thanh, tra_rung, de_uong, khong_chat	Vị thanh ngọt nhẹ nhàng, mượt mà, dễ uống cho cả người mới bắt đầu.	Hương thơm thảo mộc tự nhiên của núi rừng.	Lỏng	Nóng	Ấm (không giới hạn nước châm)	Dễ chịu, thư thái, không gây mất ngủ.	Người mới bắt đầu uống trà, tiếp khách cần sự nhẹ nhàng, họp buổi chiều	0	250000	15	25	Chồi cây trà rừng	Không có	Vùng trà rừng hoang dã Tây Bắc.	[{"ingredient": "Trà rừng", "supplier_name": "Trà Cổ Thái An", "type": "Thương hiệu trà truyền thống", "verification_notes": "Trà được tuyển chọn từ vùng trà rừng hoang dã.", "reference_links": ["https://www.facebook.com/tracothaian"]}]	Pha bằng ấm sứ hoặc thủy tinh để giữ trọn vẹn hương vị thanh khiết.	Hỗ trợ thư giãn	null	{"calories_kcal": "~0-5", "sugar_g": "~0"}	can_thu_gian, hop_chieu	calm_reflective ("Điềm tĩnh, cân nhắc"), explorer ("Người khám phá")	business_casual ("Công sở, thoải mái"), simple ("Đơn giản")	soft_slow ("Nhẹ nhàng, Chậm rãi")
TEA-DRG	Trà Đuôi Rồng Sấy Lạnh	Trà Pha Ấm	Trà Vị Thanh	Sản phẩm Đặc trưng (Signature)	Trà sấy lạnh độc đáo, nổi bật với hương thơm hoa hồng tự nhiên quyến rũ.	- Vị thanh ngọt nhẹ<br>- Hương thơm mùi hoa hồng độc đáo	tra_doc_dao, huong_hoa_hong, tra_vi_thanh, mon_la	Vị thanh, ngọt nhẹ, phảng phất vị trái cây.	Hương thơm hoa hồng tự nhiên, rất đặc trưng và lôi cuốn.	Lỏng	Nóng	Ấm (không giới hạn nước châm)	Cảm giác mới mẻ, thư thái, gây ấn tượng sâu sắc.	Tiếp khách nữ, người thích khám phá, các buổi tiệc trà, cần tạo sự khác biệt	0	300000	15	25	Trà Đuôi Rồng	Không có	Trà có nguồn gốc từ vùng cao.	[{"ingredient": "Trà Đuôi Rồng", "supplier_name": "Trà Cổ Thái An", "type": "Thương hiệu trà truyền thống", "verification_notes": "Trà được chế biến theo phương pháp đặc biệt.", "reference_links": ["https://www.facebook.com/tracothaian"]}]	Pha bằng dụng cụ thủy tinh để quan sát cánh trà nở và thưởng thức hương thơm.	Tạo trải nghiệm độc đáo, khơi gợi sự sáng tạo	null	{"calories_kcal": "~0-5", "sugar_g": "~0"}	can_gay_an_tuong, vui_ve, sang_tao	explorer ("Người khám phá"), detail_oriented ("Chú trọng chi tiết")	elegant ("Thanh lịch"), creative_expressive ("Sáng tạo, cá tính")	soft_slow ("Nhẹ nhàng, Chậm rãi"), energetic ("Năng lượng")
TEA-BHA	Trà Bạch Hạc	Trà Pha Ấm	Trà Vị Thanh	Sản phẩm Đặc trưng (Signature)	Trà có vị ngọt thanh không chát, đặc trưng bởi hương thơm của các loại hoa quả chín mọng.	- Vị ngọt thanh, không chát<br>- Hương thơm hoa quả chín	tra_vi_thanh, huong_trai_cay, de_uong	Vị ngọt thanh rõ rệt, mượt mà trong khoang miệng.	Hương thơm phức hợp của các loại hoa quả chín như đào, mận.	Lỏng	Nóng	Ấm (không giới hạn nước châm)	Cảm giác tươi mới, ngọt ngào, vui vẻ.	Các buổi họp cần không khí cởi mở, tiếp khách trẻ, người ưa vị ngọt	0	250000	15	25	Trà Bạch Hạc	Không có	Trà được chế biến theo phương pháp đặc biệt để lên hương trái cây.	[{"ingredient": "Trà Bạch Hạc", "supplier_name": "Trà Cổ Thái An", "type": "Thương hiệu trà truyền thống", "verification_notes": "Trà được chế biến để lên hương hoa quả tự nhiên.", "reference_links": ["https://www.facebook.com/tracothaian"]}]	Pha bằng ấm sứ để làm nổi bật hương thơm hoa quả.	Hỗ trợ cải thiện tâm trạng	null	{"calories_kcal": "~0-5", "sugar_g": "~0"}	vui_ve, can_khong_khi_coi_mo	explorer ("Người khám phá"), energetic ("Năng lượng")	business_casual ("Công sở, thoải mái"), creative_expressive ("Sáng tạo, cá tính")	soft_slow ("Nhẹ nhàng, Chậm rãi"), energetic ("Năng lượng")
TEA-NHT	Nụ Hoa Trà Cổ Thụ	Trà Pha Ấm	Trà Vị Thanh	Sản phẩm Đặc trưng (Signature)	100% nụ hoa từ cây trà Shan Tuyết cổ thụ Hà Giang, sấy lạnh, cho vị trà ngọt dịu và bền nước.	- Vị ngọt dịu, hương tự nhiên<br>- Bền nước (pha được nhiều lần)<br>- Không chứa caffeine	tra_hoa, khong_caffeine, tra_ngu_ngon, ben_nuoc	Vị ngọt dịu, thanh mát nơi đầu lưỡi.	Hương thơm hoa trà tự nhiên, rất nhẹ nhàng.	Lỏng	Nóng	Ấm (không giới hạn nước châm)	Thư giãn sâu, dễ ngủ, cảm giác thanh tịnh.	Người nhạy cảm với caffeine, uống trà buổi tối, cần sự tĩnh tâm	0	300000	15	25	Nụ hoa trà Shan Tuyết	Không có	Cây trà Shan Tuyết cổ thụ, Hà Giang.	[{"ingredient": "Nụ hoa trà Shan Tuyết", "supplier_name": "Trà Cổ Thái An", "type": "Thương hiệu trà truyền thống", "verification_notes": "Nụ hoa trà cổ thụ từ Hà Giang, sấy lạnh.", "reference_links": ["https://www.facebook.com/tracothaian"]}]	Hãm trong bình thủy tinh với nước không quá nóng để giữ hương hoa.	Hỗ trợ thư giãn sâu, không gây mất ngủ	null	{"calories_kcal": "~0-5", "sugar_g": "~0"}	can_thu_gian, stress, uong_tra_toi	calm_reflective ("Điềm tĩnh, cân nhắc"), health_conscious ("Quan tâm sức khoẻ")	simple ("Đơn giản"), elegant ("Thanh lịch")	soft_slow ("Nhẹ nhàng, Chậm rãi")
TEA-DHB	Đại Hồng Bào	Trà Pha Ấm	Trà Nước Đỏ	Sản phẩm Đặc trưng (Signature)	Nước trà màu đỏ cam óng mật, vị êm mượt, hương trái cây chín và hậu ngọt lưu luyến.	- Hậu vị ngọt sâu, kéo dài<br>- Hương thơm phức hợp<br>- Vị trà cân bằng, êm ái	tra_cao_cap, tra_nuoc_do, hau_vi_ngot, tiep_khach_vip	Vị êm, mượt mà, đậm hơn dòng vị thanh, phảng phất hương trái cây chín, hậu vị ngọt sâu.	Hương thơm của trái cây chín, mùi mật ong và một chút hương khói nhẹ.	Lỏng	Nóng	Ấm (không giới hạn nước châm)	Cảm giác lâng lâng, vị giác được nuông chiều, đáng nhớ.	Tiếp khách VIP, đối tác quan trọng, người am hiểu trà	0	350000	15	25	Trà Đại Hồng Bào	Không có	Trà Oolong đá nổi tiếng từ Vũ Di Sơn, Phúc Kiến.	[{"ingredient": "Trà Đại Hồng Bào", "supplier_name": "Trà Cổ Thái An", "type": "Thương hiệu trà truyền thống", "verification_notes": "Trà Oolong đá nổi tiếng, được tuyển chọn kỹ lưỡng.", "reference_links": ["https://www.facebook.com/tracothaian"]}]	Pha theo nghi thức Gongfu Cha để phát huy tối đa các tầng hương vị.	Nâng tầm cuộc đối thoại, thể hiện sự trân trọng	null	{"calories_kcal": "~0-5", "sugar_g": "~0"}	hop_quan_trong, can_gay_an_tuong	detail_oriented ("Chú trọng chi tiết"), calm_reflective ("Điềm tĩnh, cân nhắc")	elegant ("Thanh lịch"), office_formal ("Công sở, trang trọng")	inquisitive ("Tò mò, Hay hỏi"), soft_slow ("Nhẹ nhàng, Chậm rãi")
TEA-HTR	Hồng Trà	Trà Pha Ấm	Trà Nước Đỏ	Sản phẩm Đặc trưng (Signature)	Trà có nước màu đỏ ruby, vị đậm hơn dòng vị thanh, hương thơm tựa mùi mật, dễ uống.	- Vị đậm vừa, dễ uống<br>- Hương thơm tựa mùi mật	tra_nuoc_do, de_uong, tot_cho_tinh_than	Vị đậm vừa, ngọt nhẹ, có thể cảm nhận vị chát rất nhẹ nhưng mượt.	Hương thơm ngọt ngào như mật ong, mạch nha.	Lỏng	Nóng	Ấm (không giới hạn nước châm)	Tỉnh táo nhẹ nhàng, ấm áp, dễ chịu.	Tiếp khách nữ, người cần sự tỉnh táo nhẹ nhàng, các buổi họp thân mật	0	250000	15	25	Hồng Trà	Không có	Trà được oxy hóa hoàn toàn từ các giống trà phù hợp.	[{"ingredient": "Hồng Trà", "supplier_name": "Trà Cổ Thái An", "type": "Thương hiệu trà truyền thống", "verification_notes": "Trà được oxy hóa hoàn toàn, đảm bảo chất lượng.", "reference_links": ["https://www.facebook.com/tracothaian"]}]	Pha bằng ấm sứ hoặc gốm để giữ nhiệt và làm nổi bật vị ngọt.	Hỗ trợ tinh thần tỉnh táo, thư giãn	null	{"calories_kcal": "~0-5", "sugar_g": "~0"}	met_moi_nhe, can_su_am_ap	routine_oriented ("Thiên về thói quen"), calm_reflective ("Điềm tĩnh, cân nhắc")	business_casual ("Công sở, thoải mái"), elegant ("Thanh lịch")	soft_slow ("Nhẹ nhàng, Chậm rãi")
TEA-STY	Trà Shan Tuyết (Vị Đậm)	Trà Pha Ấm	Trà Vị Đậm	Sản phẩm Đặc trưng (Signature)	Trà từ lá của cây trà Shan Tuyết cổ thụ, chế biến để cho ra vị trà đậm đà, chát dịu và hậu ngọt sâu.	- Vị trà đậm, mạnh mẽ<br>- Chát dịu, hậu ngọt sâu	tra_vi_dam, tra_shan_tuyet, tinh_tao_manh, sanh_tra	Vị chát dịu nơi đầu lưỡi, sau đó chuyển thành vị ngọt sâu lắng trong cổ họng.	Hương thơm mạnh mẽ, mang hơi thở của núi rừng.	Lỏng	Nóng	Ấm (không giới hạn nước châm)	Tỉnh táo cao độ, sảng khoái, cảm nhận rõ vị trà.	Người sành trà, cuộc họp dài cần sự tỉnh táo cao, sau bữa ăn nhiều dầu mỡ	0	300000	15	25	Lá trà Shan Tuyết	Không có	Cây trà Shan Tuyết cổ thụ, Hà Giang.	[{"ingredient": "Trà Shan Tuyết", "supplier_name": "Trà Cổ Thái An", "type": "Thương hiệu trà truyền thống", "verification_notes": "Lá trà từ cây cổ thụ Hà Giang, chế biến cho ra vị đậm.", "reference_links": ["https://www.facebook.com/tracothaian"]}]	Pha bằng ấm đất nung để làm dịu vị chát và tăng độ ngọt của trà.	Hỗ trợ tỉnh táo cao độ, hỗ trợ tiêu hóa	null	{"calories_kcal": "~0-5", "sugar_g": "~0"}	buon_ngu, can_tap_trung_cao_do	detail_oriented ("Chú trọng chi tiết"), routine_oriented ("Thiên về thói quen")	office_formal ("Công sở, trang trọng"), elegant ("Thanh lịch")	short_direct ("Ngắn gọn, Trực tiếp"), inquisitive ("Tò mò, Hay hỏi")
SET-BNH	Tùy chọn Bánh & Trái Cây	Set trà bánh (Đặt trước)	Add-on	Sản phẩm Bán thêm (Upsell Item)	Các loại bánh ngọt từ thương hiệu lựa chọn và trái cây tươi cao cấp theo mùa (Cherry, Nho).	- Tùy chọn thương hiệu: Givral, BreadTalk...<br>- Trái cây tươi cao cấp	an_kem_tra, banh_ngot, trai_cay, tiep_khach	Ngọt (bánh), chua ngọt (trái cây).	Thơm mùi bánh nướng, bơ và hương thơm của trái cây tươi.	Đa dạng	Nhiệt độ phòng	Nhẹ	Hoàn thiện trải nghiệm tiệc trà, cân bằng vị giác.	Đi kèm tất cả các set trà, phục vụ nhóm, các cuộc họp kéo dài,  tuỳ mức độ cầu kỳ và số lượng đặt trước 2h-4h	0	[Theo báo giá]	120	240	Bánh ngọt (Givral, BreadTalk...), Trái cây (Cherry, Nho)	Gluten, Sữa, Trứng (tùy loại bánh)	Các thương hiệu bánh uy tín, trái cây nhập khẩu.	[{"ingredient": "Bánh ngọt", "supplier_name": "Givral, BreadTalk", "type": "Thương hiệu bánh ngọt", "verification_notes": "Sản phẩm từ các thương hiệu uy tín, đảm bảo chất lượng.", "reference_links": []}, {"ingredient": "Trái cây tươi (Cherry, Nho)", "supplier_name": "Bách Hóa Xanh / WinMart / Nhà cung cấp trái cây nhập khẩu", "type": "Chuỗi siêu thị / Nhà nhập khẩu", "verification_notes": "Trái cây tươi, cao cấp theo mùa, có hóa đơn đối chiếu.", "reference_links": []}]	Được sắp xếp và bày trí đẹp mắt trên đĩa phục vụ.	Tăng sự hài lòng và hoàn thiện trải nghiệm	[{"group_name": "Chọn bánh", "type": "multiple", "choices": [{"name": "Bánh Givral", "price_delta": 0}, {"name": "Bánh BreadTalk", "price_delta": 0}]}]	{"calories_kcal": "Phụ thuộc vào lựa chọn", "sugar_g": "Phụ thuộc vào lựa chọn"}	hop_dai, can_them_nang_luong	explorer ("Người khám phá"), detail_oriented ("Chú trọng chi tiết")	elegant ("Thanh lịch"), business_casual ("Công sở, thoải mái")	soft_slow ("Nhẹ nhàng, Chậm rãi")